,X,fX,y
0,0.0,-0.14502219032404717,-0.15351782844425513
1,0.01001001001001001,-0.14333156836233774,-0.12802987794446521
2,0.02002002002002002,-0.14333182821279508,-0.2894338248708561
3,0.03003003003003003,-0.14333162634965985,-0.1994296594024852
4,0.04004004004004004,-0.09623210503603848,0.020550492390579336
5,0.050050050050050046,-0.09623211123269261,-0.16154627576460756
6,0.06006006006006006,-0.0962317950797519,-0.10817035185297728
7,0.07007007007007007,-0.05605540440144978,-0.06182171923010376
8,0.08008008008008008,-0.05605533194882639,-0.027075391123358033
9,0.09009009009009009,-0.0560551488571828,-0.13999317130403263
10,0.10010010010010009,-0.05605525568018773,-0.1196018726895953
11,0.11011011011011011,-0.012445976923063271,0.001120424679914819
12,0.12012012012012012,0.0019301957236884614,0.05114969897221947
13,0.13013013013013014,0.0019300027594560316,0.018033747241512993
14,0.14014014014014015,0.03550720007637925,0.10680055951246462
15,0.15015015015015015,0.035507314428263874,0.28664714625498555
16,0.16016016016016016,0.03550715398409594,0.053937917219786025
17,0.17017017017017017,0.07167397396009652,-0.025064840814915654
18,0.18018018018018017,0.07167435613929513,0.10196090056885451
19,0.19019019019019018,0.07329328095211171,0.014290986008296973
20,0.20020020020020018,0.07329293484520168,0.018448276183189574
21,0.21021021021021022,0.09838745030323419,0.1404130269984239
22,0.22022022022022023,0.09838750030186665,0.04691612907703831
23,0.23023023023023023,0.09838740227153195,-0.07659794091122715
24,0.24024024024024024,0.1261018077397132,0.11260457019954645
25,0.2502502502502503,0.12669334830513138,0.08946621821052073
26,0.2602602602602603,0.1266933914746589,0.10490274095096999
27,0.2702702702702703,0.13654304601431336,0.1428423096460107
28,0.2802802802802803,0.13654285990021917,0.2989074293981388
29,0.2902902902902903,0.13654299293180974,0.07574401663244903
30,0.3003003003003003,0.13654317102678676,0.04545907578446026
31,0.3103103103103103,0.13820364079014774,0.1323769201988877
32,0.3203203203203203,0.13820368007473657,0.15801418017377722
33,0.3303303303303303,0.1382038084575222,0.2058563323042919
34,0.34034034034034033,0.13185976290024715,0.07699520288174158
35,0.35035035035035034,0.1318598043890555,0.17032148406770536
36,0.36036036036036034,0.13114227172771042,0.21422580327304241
37,0.37037037037037035,0.11824980160634661,0.09180785886847528
38,0.38038038038038036,0.1182496046490903,0.1806786668882473
39,0.39039039039039036,0.11824979811992213,0.14506567997083172
40,0.40040040040040037,0.11824991671071718,0.07958603375577855
41,0.41041041041041043,0.09545060353673646,-0.026173707045875308
42,0.42042042042042044,0.09545057676389787,0.32022858143222016
43,0.43043043043043044,0.0917805631013123,0.04571269043742585
44,0.44044044044044045,-0.6777758985014962,-0.728489219467955
45,0.45045045045045046,-0.6777757033178442,-0.5475038778594683
46,0.46046046046046046,-0.6777758340599404,-0.612675897339848
47,0.47047047047047047,-0.6977592385264413,-0.8168308548437205
48,0.4804804804804805,-0.6977592156738671,-0.6974460040349237
49,0.4904904904904905,-0.6977593262901426,-0.6727141439557907
50,0.5005005005005005,-0.6977593331634586,-0.5943864778604934
51,0.5105105105105106,-0.7017422734446083,-0.6878882637900021
52,0.5205205205205206,-0.7016818393762422,-0.6204182942560387
53,0.5305305305305306,-0.7016817678890368,-0.7935131233521308
54,0.5405405405405406,-0.6972505912099856,-0.8671232846605329
55,0.5505505505505506,-0.695389052236581,-0.673887933768017
56,0.5605605605605606,-0.6948879477224982,-0.7988381614531569
57,0.5705705705705706,-0.6775327194582971,-0.6301498462592818
58,0.5805805805805806,-0.6451401119833213,-0.5862609153409711
59,0.5905905905905906,-0.6451399819504134,-0.6049603548712434
60,0.6006006006006006,-0.643873839053987,-0.5708118867007366
61,0.6106106106106106,-0.6096361413378123,-0.6181881713337061
62,0.6206206206206206,-0.6096361156533457,-0.5863736790958819
63,0.6306306306306306,-0.6049964940024711,-0.6524209508403311
64,0.6406406406406406,-0.5660403612930041,-0.6835130023940867
65,0.6506506506506506,-0.5660403373679497,-0.5119152286913953
66,0.6606606606606606,-0.5660402635402252,-0.6854778969820409
67,0.6706706706706707,-0.5567057348080219,-0.5775887742220774
68,0.6806806806806807,-0.5182382252930768,-0.398241529000186
69,0.6906906906906907,-0.5182381162743589,-0.38629100564339564
70,0.7007007007007007,-0.5182383675815964,-0.4821676526265322
71,0.7107107107107107,-0.47538927499770295,-0.497518617805011
72,0.7207207207207207,-0.4753892754417908,-0.45920711093524935
73,0.7307307307307307,-0.475389451319736,-0.44950602489739777
74,0.7407407407407407,-0.4281137039145722,-0.49761142967910077
75,0.7507507507507507,-0.4281136653363598,-0.41668171129484316
76,0.7607607607607607,-0.42811367357352803,-0.47890105477966405
77,0.7707707707707707,-0.4281134712909207,-0.4784389277567056
78,0.7807807807807807,-0.38120246408582653,-0.5867089562214529
79,0.7907907907907907,-0.38120237414486274,-0.22999700472842075
80,0.8008008008008007,-0.38120258266075036,-0.2087902109544744
81,0.8108108108108109,-0.33476798173898004,-0.47740015269946523
82,0.8208208208208209,-0.3313110685589442,-0.10515896642894829
83,0.8308308308308309,-0.32861189379925604,-0.2784906353066783
84,0.8408408408408409,-0.2823530893215395,-0.3758199395271067
85,0.8508508508508509,-0.2781947138139774,-0.2553931956391635
86,0.8608608608608609,-0.2755884327802601,-0.28347633603457556
87,0.8708708708708709,-0.2755884698107901,-0.07856825666228812
88,0.8808808808808809,-0.22491159943816658,-0.24020951155929912
89,0.8908908908908909,-0.22149782298829251,-0.2730267326516451
90,0.9009009009009009,-0.21310392703458522,-0.24467784722670183
91,0.9109109109109109,-0.16657032657689316,-0.15369621733595948
92,0.9209209209209209,-0.16657012843890656,-0.2680625362729473
93,0.9309309309309309,-0.16657029843633506,-0.13986592391554128
94,0.9409409409409409,-0.13469232770956202,-0.00020760837055464054
95,0.950950950950951,-0.13469233073479778,-0.07573517289049728
96,0.960960960960961,-0.13469235667792331,-0.10959213139518373
97,0.970970970970971,-0.1329279921558447,-0.11364016296179899
98,0.980980980980981,-0.10181921442802426,-0.137859546273921
99,0.990990990990991,-0.10002464640881335,-0.3075948406543956
100,1.001001001001001,-0.10002462428197521,0.01547349842225669
101,1.011011011011011,-0.06833907395467446,-0.04415115723630013
102,1.021021021021021,-0.06833913396174024,-0.013262186924423401
103,1.031031031031031,-0.0683392278477386,0.08143648836520198
104,1.0410410410410411,-0.04867960157392691,0.12618927101401345
105,1.0510510510510511,-0.04867953049424537,-0.22798635891465077
106,1.0610610610610611,-0.04867970290928262,0.08621253906289711
107,1.0710710710710711,-0.048679605007281614,-0.12503115131120746
108,1.0810810810810811,-0.0332964817956542,-0.06909832650371367
109,1.0910910910910911,-0.033296490579396924,0.18280521304344047
110,1.1011011011011012,-0.033296513840937764,0.02913601561465152
111,1.1111111111111112,-0.024587777528762154,0.005209881728615039
112,1.1211211211211212,-0.024587619669030024,0.002947932329083521
113,1.1311311311311312,-0.023758134988978222,0.28892458737673066
114,1.1411411411411412,-0.020625605732889598,-0.13489969710874922
115,1.1511511511511512,-0.020625784356677796,-0.10844610049709477
116,1.1611611611611612,-0.02075762874934374,0.07189610075581739
117,1.1711711711711712,-0.02083474789750333,-0.19674043747919262
118,1.1811811811811812,-0.025112764490307363,0.010846433298709202
119,1.1911911911911912,-0.02511275103310879,-0.16395147141208247
120,1.2012012012012012,-0.026592635714454603,0.14297946320373317
121,1.2112112112112112,-0.034334748836058006,-0.12460094340109582
122,1.2212212212212212,-0.03748343705439995,0.18877460711719657
123,1.2312312312312312,-0.039599994837453564,0.1360468014253549
124,1.2412412412412412,-0.03959972857705936,0.02286796988172672
125,1.2512512512512513,-0.05547966280780344,-0.10409889044857651
126,1.2612612612612613,-0.05643673818489753,-0.09236811643926077
127,1.2712712712712713,-0.05643662433850247,-0.034227636660381484
128,1.2812812812812813,-0.07632271172580828,0.007819932574816335
129,1.2912912912912913,-0.07632275858739128,-0.15962728063844978
130,1.3013013013013013,-0.07632264852504171,-0.14378504540264134
131,1.3113113113113113,-0.10028927878635885,-0.15195175345473338
132,1.3213213213213213,-0.10028925943675018,-0.08699988450142825
133,1.3313313313313313,-0.10028937586595336,-0.06579454568158127
134,1.3413413413413413,-0.10028942328808226,0.05624210828731431
135,1.3513513513513513,-0.12318844605361721,-0.129289675132241
136,1.3613613613613613,-0.1231884547337812,-0.17493776736084501
137,1.3713713713713713,-0.12318833251377893,0.03055737433687601
138,1.3813813813813813,-0.142148039391535,-0.14039532024782286
139,1.3913913913913913,-0.14903768994928296,0.017256593484564486
140,1.4014014014014013,-0.1610642066464848,-0.11106250149190498
141,1.4114114114114114,-0.18049074672500878,-0.18322675356012205
142,1.4214214214214214,-0.18049084925051836,-0.16056063161080675
143,1.4314314314314314,-0.18049098709161146,-0.28681554886251814
144,1.4414414414414414,-0.18049081255555685,-0.40030098543929793
145,1.4514514514514514,-0.19779418301610674,-0.20961435030946912
146,1.4614614614614614,-0.19779426025468483,-0.2517924177550047
147,1.4714714714714714,-0.1977941217370761,-0.3076377152202746
148,1.4814814814814814,-0.21546094515908357,-0.1883434423639023
149,1.4914914914914914,-0.2154611815234764,-0.3391758251888749
150,1.5015015015015014,-0.2154611469569039,-0.288512306424303
151,1.5115115115115114,-0.23457749917996804,-0.3499318372514014
152,1.5215215215215214,-0.2345774766966272,-0.19546149121751033
153,1.5315315315315314,-0.2345774626012198,-0.24766237488614037
154,1.5415415415415414,-0.23901095792845867,-0.24630403622942157
155,1.5515515515515514,-0.2576173557343885,-0.10527740129324503
156,1.5615615615615615,-0.25761746263358093,-0.331354491924509
157,1.5715715715715715,-0.2576172000818751,-0.22732167673050768
158,1.5815815815815815,-0.27412548768569,-0.3855214856902387
159,1.5915915915915915,-0.2801868168746983,-0.2781895545258977
160,1.6016016016016015,-0.28018677662561065,-0.6174254116479978
161,1.6116116116116117,-0.29772405748533387,-0.412066761333729
162,1.6216216216216217,-0.2990096018048201,-0.36349273023227396
163,1.6316316316316317,-0.2990093878877238,-0.30376100209044626
164,1.6416416416416417,-0.2990096239690871,-0.23028976695939732
165,1.6516516516516517,-0.3154716435686302,-0.423700858671063
166,1.6616616616616617,-0.31547133294617324,-0.5201018462265763
167,1.6716716716716717,-0.31547162628415115,-0.4051901466480769
168,1.6816816816816818,-0.3356726050914207,-0.3517043915119615
169,1.6916916916916918,-0.3356727324023232,-0.5419509848860343
170,1.7017017017017018,-0.33567273343204435,-0.2506014135477558
171,1.7117117117117118,-0.3541134661192478,-0.5104752474075226
172,1.7217217217217218,-0.35411351071038993,-0.37536085248993917
173,1.7317317317317318,-0.3541134454342319,-0.4423594803209788
174,1.7417417417417418,-0.3541136376231085,-0.1092597438930043
175,1.7517517517517518,-0.3721636838699613,-0.37501948820374564
176,1.7617617617617618,-0.37324643399517743,-0.3597519586340879
177,1.7717717717717718,-0.3732465451816996,-0.5343838997462456
178,1.7817817817817818,-0.38690702385161585,-0.7087070468386485
179,1.7917917917917918,-0.38690734258989196,-0.28192237506659373
180,1.8018018018018018,-0.3869073122808768,-0.40928207636439745
181,1.8118118118118118,-0.403078786070257,-0.5982975199207103
182,1.8218218218218218,-0.4193291851887781,-0.4796648558453315
183,1.8318318318318318,-0.41932911457583577,-0.31321267693768245
184,1.8418418418418419,-0.4206528097591079,-0.5320839979357956
185,1.8518518518518519,-0.4369368519672469,-0.5121305907641938
186,1.8618618618618619,-0.4424337180074531,-0.4276785611471878
187,1.8718718718718719,-0.44243354052001793,-0.4406402090989767
188,1.8818818818818819,-0.457203294595604,-0.5207463006910653
189,1.8918918918918919,-0.4572032577339275,-0.44264519631634014
190,1.901901901901902,-0.45720308990154024,-0.5771572135303756
191,1.911911911911912,-0.45720332314193596,-0.452749947193061
192,1.921921921921922,-0.4693825693687081,-0.24475885557047602
193,1.931931931931932,-0.46938257258156185,-0.6184378891182097
194,1.941941941941942,-0.4693827022601611,-0.5078290810096593
195,1.951951951951952,-0.47926779676317044,-0.6048686455164412
196,1.961961961961962,-0.479267962873028,-0.5493992696308228
197,1.971971971971972,-0.47926793521101263,-0.45358807778998583
198,1.981981981981982,-0.48529508539154353,-0.493423237681111
199,1.991991991991992,-0.4852946843183105,-0.46603402693560025
200,2.002002002002002,-0.4852949371604586,-0.5196485301156392
201,2.012012012012012,-0.48529494298107717,-0.49124281106662365
202,2.022022022022022,-0.4875619294891766,-0.4868081003005948
203,2.032032032032032,-0.4875618061913478,-0.542812322159355
204,2.042042042042042,-0.4875717177404715,-0.6286299737495792
205,2.052052052052052,-0.4845845320735137,-0.647809135087282
206,2.062062062062062,-0.48458455272356665,-0.5350766639720221
207,2.0720720720720722,-0.48152932248412017,-0.572051129546469
208,2.0820820820820822,-0.47103596555778265,-0.4603375407113228
209,2.0920920920920922,-0.4710361932793542,-0.39983640686909006
210,2.1021021021021022,-0.47103621046447264,-0.47626446378377935
211,2.1121121121121122,-0.47103607371367867,-0.35161791804183046
212,2.1221221221221223,-0.4552236545925885,-0.2730279059953671
213,2.1321321321321323,-0.4542256889936987,-0.47347103280572467
214,2.1421421421421423,-0.4542256794519927,-0.41573228481971797
215,2.1521521521521523,-0.4360327627955274,-0.2967968852087961
216,2.1621621621621623,-0.4360327756223793,-0.28005448431440655
217,2.1721721721721723,-0.43603270480573253,-0.2863449929989712
218,2.1821821821821823,-0.413338150679211,-0.41996604132700643
219,2.1921921921921923,-0.4133381050576131,-0.3612371736762595
220,2.2022022022022023,-0.4030575561062924,-0.25955702793893864
221,2.2122122122122123,-0.40305748588805734,-0.48963090739780213
222,2.2222222222222223,-0.36848160593865303,-0.3479480374353896
223,2.2322322322322323,-0.3684816451333666,-0.4574837449146111
224,2.2422422422422423,-0.3684817878044503,-0.5467287560162456
225,2.2522522522522523,-0.3260082551396754,-0.1924116934604878
226,2.2622622622622623,-0.3260083807505375,-0.2221021129242563
227,2.2722722722722724,-0.3260082295878341,-0.5069562789337334
228,2.2822822822822824,-0.2899016534608069,-0.19016654693996085
229,2.2922922922922924,-0.28990186543832924,-0.3250380529766665
230,2.3023023023023024,-0.2851031152600557,-0.23623952638587015
231,2.3123123123123124,-0.2851030233021312,-0.3153418677457173
232,2.3223223223223224,-0.23958602058998796,-0.13520182142227388
233,2.3323323323323324,-0.23958591934548634,-0.40113244559624983
234,2.3423423423423424,-0.23958615717789936,-0.3236278881527113
235,2.3523523523523524,-0.20158813878813714,-0.33571996390267156
236,2.3623623623623624,-0.20158825627205862,-0.14028354517112784
237,2.3723723723723724,-0.20158803093415076,-0.26059653796378063
238,2.3823823823823824,-0.1958751642291742,-0.3295371007862548
239,2.3923923923923924,-0.15498635240911432,-0.11280755542669735
240,2.4024024024024024,-0.1549864055854619,-0.24199200921162378
241,2.4124124124124124,-0.15498630961085694,-0.2290943369662613
242,2.4224224224224224,-0.10753831464286702,-0.170258298008652
243,2.4324324324324325,-0.10753837529748807,-0.14118313589965137
244,2.4424424424424425,-0.10753843723280623,-0.14117056598858327
245,2.4524524524524525,-0.06077753138424922,-0.12867185818761037
246,2.4624624624624625,-0.06077746488956399,0.2255523649265172
247,2.4724724724724725,-0.05757222126096845,-0.24524209524475687
248,2.4824824824824825,-0.05757234187655996,0.03952570907463733
249,2.4924924924924925,-0.01395355079913905,-0.016839009284801747
250,2.5025025025025025,-0.01395363640222295,0.09856740778466487
251,2.5125125125125125,-0.01395357701143454,-0.0001761930577411589
252,2.5225225225225225,0.03330744227376183,0.13558860727748956
253,2.5325325325325325,0.03330749684357079,-0.15130129157025612
254,2.5425425425425425,0.04062692496011373,-0.06167548265826306
255,2.5525525525525525,0.08767821353423577,-0.023584729400754206
256,2.5625625625625625,0.0876784861387954,0.05593037825179157
257,2.5725725725725725,0.08767830792380076,0.05261863497633705
258,2.5825825825825826,0.08767822995072581,0.10244600323925823
259,2.5925925925925926,0.13659296316286734,0.09361294004411505
260,2.6026026026026026,0.13659287358615546,0.20969310525298274
261,2.6126126126126126,0.13659313388986763,0.13870776850446478
262,2.6226226226226226,0.17769983509971263,0.14581260062704143
263,2.6326326326326326,0.17769966628791356,0.2025225522829671
264,2.6426426426426426,0.1828186914954598,0.16898355830591003
265,2.6526526526526526,0.22030328253529613,0.20306749655420692
266,2.6626626626626626,0.2203032941104518,0.2905295174982397
267,2.6726726726726726,0.4555601237518673,0.38364221184637937
268,2.6826826826826826,0.4897326237271012,0.32782545260737395
269,2.6926926926926926,0.5364033823670437,0.4038009044906301
270,2.7027027027027026,0.5364034371632294,0.609220587548962
271,2.7127127127127126,0.5364032633162257,0.42429468720006874
272,2.7227227227227226,0.5879724918098396,0.5481878969948556
273,2.7327327327327327,0.5879725256845992,0.5669416837339883
274,2.7427427427427427,0.5913122864728012,0.6868203078677034
275,2.7527527527527527,0.6456525837128098,0.7917572542160508
276,2.7627627627627627,0.64565257919628,0.6539487630706864
277,2.7727727727727727,0.6456525474816378,0.4665672823860514
278,2.7827827827827827,0.6593856327116323,0.5858869122519745
279,2.7927927927927927,0.7217268663377382,0.8620064021609535
280,2.8028028028028027,0.7547524428270918,0.832235648436346
281,2.8128128128128127,0.7547525267937849,0.7891477709580106
282,2.8228228228228227,0.8142749712108588,0.7132070301505653
283,2.8328328328328327,0.8142750946223591,0.8810581270239045
284,2.8428428428428427,0.8251468948584428,0.7076200732434429
285,2.8528528528528527,0.9032453879751392,0.9254805205822131
286,2.8628628628628627,0.9032453282565022,0.6916670696913751
287,2.8728728728728727,0.9032454569210959,0.9092190186235566
288,2.8828828828828827,0.9032455506349004,0.8309379029579327
289,2.8928928928928928,1.025168032726152,0.960205194978092
290,2.9029029029029028,1.025168258397855,1.0500297605420734
291,2.9129129129129128,1.0251683287199134,1.17556211586373
292,2.9229229229229228,1.1188369445465316,1.1444103023040335
293,2.932932932932933,1.1188369783746186,0.9534785732187264
294,2.942942942942943,1.1534840007785157,1.0796884714225812
295,2.952952952952953,1.1534839617764694,1.0909959398842188
296,2.962962962962963,1.2189069120133236,0.9566246822745792
297,2.972972972972973,1.2189070032657272,1.3055417250453534
298,2.982982982982983,1.21890713133856,1.109065887386863
299,2.992992992992993,1.2975911324160707,1.0724658453693436
300,3.003003003003003,1.2975907916307634,1.3247637653202817
301,3.013013013013013,1.662541343000276,1.8395571788613827
302,3.023023023023023,1.7097535541514997,1.5565490567700428
303,3.033033033033033,1.733250189007451,1.7877551897810802
304,3.043043043043043,1.7332503052923027,1.7527503067632573
305,3.053053053053053,1.7802504703260973,1.8406900467386365
306,3.063063063063063,1.8039281422815878,1.7446853312367365
307,3.073073073073073,1.8039279621568822,1.868026051511723
308,3.083083083083083,1.8039279974736646,1.7431572992443023
309,3.093093093093093,1.8125568161479506,1.7091659867767353
310,3.103103103103103,1.8125566914752593,1.9217871904289592
311,3.113113113113113,1.8125566760649432,1.6244891819814353
312,3.123123123123123,1.8111944482156204,1.6619721383953725
313,3.133133133133133,1.811194504669982,1.809154600911001
314,3.143143143143143,1.8111943610073624,1.8762596395377154
315,3.153153153153153,1.802198016773108,1.9636490749744346
316,3.163163163163163,1.7778473362982286,1.7878474418073178
317,3.173173173173173,1.7778474784082805,1.6884677286516157
318,3.183183183183183,1.7744218612958809,1.7921993146380806
319,3.193193193193193,1.7370550594529557,1.7983606313444855
320,3.203203203203203,1.7370550720116147,1.7962380589179903
321,3.2132132132132134,1.7370548361487645,1.7684404691045572
322,3.2232232232232234,1.689825735498761,1.4607406454434941
323,3.2332332332332334,1.6898255010168848,1.9034304385454353
324,3.2432432432432434,1.6898257903159188,1.4420625174734323
325,3.2532532532532534,1.6898255627592562,1.6039058918230356
326,3.2632632632632634,1.6287961719676214,1.731296851671219
327,3.2732732732732734,1.6287964424985801,1.51384373076685
328,3.2832832832832834,1.6244728614579875,1.457319354807526
329,3.2932932932932935,1.5453253106878229,1.5674949695780345
330,3.3033033033033035,1.5453251132086918,1.5749658517257668
331,3.3133133133133135,1.5453250052992114,1.667837760651517
332,3.3233233233233235,1.4628501584705547,1.584151999808219
333,3.3333333333333335,1.4628501890244843,1.3468406725473292
334,3.3433433433433435,1.4628502315242247,1.6113435572023431
335,3.3533533533533535,1.4503282477732347,1.6295199813890637
336,3.3633633633633635,1.3509264674115826,1.3817685182992956
337,3.3733733733733735,1.350926825728004,1.360067303795391
338,3.3833833833833835,1.3509266796220625,1.3704215442741794
339,3.3933933933933935,1.2472752696961753,1.0854956075867936
340,3.4034034034034035,1.2472753405224926,1.276421350067163
341,3.4134134134134135,1.2472754229040055,1.2636434039747317
342,3.4234234234234235,1.135223449993735,0.9686003987787883
343,3.4334334334334335,1.1246414660339195,1.2623751814566175
344,3.4434434434434436,1.1246412696074044,1.1699978389513637
345,3.4534534534534536,1.1132526276746457,1.0748623829510808
346,3.4634634634634636,1.0266984288533205,1.1762740641465013
347,3.4734734734734736,1.0005588811896644,1.021262761272275
348,3.4834834834834836,1.0005588540411616,1.1656427188764047
349,3.4934934934934936,0.8785533657680367,0.8138097222495739
350,3.5035035035035036,0.8785533651569124,0.9528765778820752
351,3.5135135135135136,0.8785534512824512,0.7073435539227494
352,3.5235235235235236,0.7604717256011406,0.6458438647287734
353,3.5335335335335336,0.7556572774380954,0.7912280314152782
354,3.5435435435435436,0.7330509554497238,0.8605947262640741
355,3.5535535535535536,0.7330509243857919,0.7525731617782325
356,3.5635635635635636,0.6284067911126316,0.5585998944768382
357,3.5735735735735736,0.6284068136353905,0.7037668233692469
358,3.5835835835835836,0.6284068192661904,0.763140485551846
359,3.5935935935935936,0.5355172097340244,0.5070529828708021
360,3.6036036036036037,0.5355174774156616,0.33845829612041545
361,3.6136136136136137,0.5355173366374703,0.5613006014449674
362,3.6236236236236237,0.5276420822386819,0.6622915830521798
363,3.6336336336336337,0.445034081421191,0.431333360604395
364,3.6436436436436437,0.4450341019715045,0.4057474600664486
365,3.6536536536536537,0.4450344423843031,0.37637182068752806
366,3.6636636636636637,0.34945893119563404,0.3625331430909236
367,3.6736736736736737,-0.07753031850627587,-0.07306223478748856
368,3.6836836836836837,-0.07753045884676651,-0.1431965879807018
369,3.6936936936936937,-0.18730270805291396,-0.23602562732671872
370,3.7037037037037037,-0.18730257887203602,-0.17820021803742708
371,3.7137137137137137,-0.19306497846929296,-0.027513658158121096
372,3.7237237237237237,-0.19306500453292696,-0.09829168619590939
373,3.7337337337337337,-0.3327403077241346,-0.410882762664072
374,3.7437437437437437,-0.3984085821744727,-0.48700254997728715
375,3.7537537537537538,-0.4202664741843945,-0.42767453456217736
376,3.7637637637637638,-0.5159932218562902,-0.485124676286164
377,3.7737737737737738,-0.5159932762524555,-0.5817437431616345
378,3.7837837837837838,-0.5159930115303711,-0.6649085672734619
379,3.793793793793794,-0.5953829930293736,-0.5239366876835552
380,3.803803803803804,-0.5953830265005583,-0.4662743563640557
381,3.813813813813814,-0.5953829432292869,-0.48113615009856325
382,3.823823823823824,-0.5953830564646501,-0.7323159340137942
383,3.833833833833834,-0.752043007585853,-0.7709812406093537
384,3.843843843843844,-0.7520429701588042,-0.7312637697691131
385,3.853853853853854,-0.7520430451404683,-0.7072506435167764
386,3.863863863863864,-0.8466700031585563,-0.8595238435342242
387,3.873873873873874,-0.8505420191002672,-0.9367822827516135
388,3.883883883883884,-0.8505419243164787,-0.7831138682281065
389,3.893893893893894,-0.9349322470165777,-0.8795859863076572
390,3.903903903903904,-0.9349320064063903,-1.0571286600918106
391,3.913913913913914,-0.9349320863688986,-0.9207118222279294
392,3.923923923923924,-0.9349320807055536,-0.8973259213334549
393,3.933933933933934,-1.020160898285109,-0.8971500476860782
394,3.943943943943944,-1.0448891158887517,-0.8755889354230949
395,3.953953953953954,-1.0932170093184894,-0.9487618231049979
396,3.963963963963964,-1.1791903241209833,-1.0000714611862596
397,3.973973973973974,-1.1791902839020911,-1.1633415260976818
398,3.983983983983984,-1.1887477253702368,-1.227722786337833
399,3.993993993993994,-1.2642966542857101,-1.330578198647519
400,4.004004004004004,-1.2642965011841025,-1.3893229914054304
401,4.014014014014014,-1.264296691191085,-1.1861483100375732
402,4.024024024024024,-1.2684433910305202,-1.3138723481927108
403,4.034034034034034,-1.3555196707146469,-1.410308057985163
404,4.044044044044044,-1.3555195934949564,-1.4440345423036887
405,4.054054054054054,-1.3619143084226626,-1.1810145336244675
406,4.064064064064064,-1.45740188339468,-1.4611491572144988
407,4.074074074074074,-1.4574018389921544,-1.5234295775148765
408,4.084084084084084,-1.462078914568256,-1.5083932468765069
409,4.094094094094094,-1.5387699729280706,-1.4751354139376396
410,4.104104104104104,-1.5903297693060365,-1.6344424578971555
411,4.114114114114114,-1.5903297913538126,-1.515262235624372
412,4.124124124124124,-1.590329822428748,-1.7429429508956602
413,4.134134134134134,-1.676669142845001,-1.80694288120561
414,4.1441441441441444,-1.6766691492306924,-1.571097228221653
415,4.1541541541541545,-1.6766692693470142,-1.6337966339085388
416,4.1641641641641645,-1.800466239919953,-1.8874520112962159
417,4.1741741741741745,-1.800466365323803,-1.763252194004798
418,4.1841841841841845,-1.8004663509411332,-1.8294886786429223
419,4.1941941941941945,-1.8004662742546762,-1.8856363153143239
420,4.2042042042042045,-1.8770776909639453,-1.8274622197103692
421,4.2142142142142145,-1.8770776127539748,-2.001827638435584
422,4.2242242242242245,-1.8770777722374383,-1.9816633725391481
423,4.2342342342342345,-1.931197168969621,-1.898902803381454
424,4.2442442442442445,-1.931197153037703,-1.9899303791992904
425,4.2542542542542545,-1.9311971994439756,-1.91844637041714
426,4.2642642642642645,-1.9968950065183801,-1.98968618503316
427,4.2742742742742745,-2.00161719315775,-1.955251639736352
428,4.2842842842842845,-2.0016172519881636,-2.003365364844042
429,4.2942942942942945,-2.0016170765537407,-1.929724077973714
430,4.3043043043043046,-2.052162469763931,-2.1073035239111793
431,4.314314314314315,-2.052162476477015,-2.321509336549789
432,4.324324324324325,1.611366361601125,1.5954240479444315
433,4.334334334334335,1.523698682962281,1.3392649778064687
434,4.344344344344345,1.5236989186403609,1.7797773045247098
435,4.354354354354355,1.5059155499911239,1.4845803550844483
436,4.364364364364365,1.4126000774644591,1.370854166643939
437,4.374374374374375,1.4126000658292333,1.4003710180741658
438,4.384384384384385,1.4125999474369035,1.2212512840169203
439,4.394394394394395,1.4080364717673792,1.2048979831767452
440,4.404404404404405,1.2853974639635932,1.396550623334016
441,4.414414414414415,1.2853977147758675,1.3800910699576323
442,4.424424424424425,1.2853976240889518,1.1958959189311589
443,4.434434434434435,1.1101133960238336,0.9984016300065245
444,4.444444444444445,1.1101133697319923,1.1612409090743685
445,4.454454454454455,1.1101134179877776,1.0315295623804892
446,4.464464464464465,0.9282877980792692,0.9735106559586881
447,4.474474474474475,0.9170318723501703,1.0337177086722216
448,4.484484484484485,0.9170318509958623,1.0178039932653602
449,4.494494494494495,0.9170319272884758,0.8074188658347206
450,4.504504504504505,0.765425715183625,0.6624388232012847
451,4.514514514514515,0.7654254087371488,0.7974316761807805
452,4.524524524524525,0.7654256338517212,0.8306424873014582
453,4.534534534534535,0.5837961817404894,0.5923151367246826
454,4.544544544544545,0.5837961607216569,0.5878727892220421
455,4.554554554554555,0.5837961095568177,0.592702844375766
456,4.564564564564565,0.4223340108915373,0.5701565733661411
457,4.574574574574575,0.3984901487287626,0.4139904295193362
458,4.584584584584585,0.3984900783311993,0.3737220617148872
459,4.594594594594595,0.3984900836940433,0.42621597743861717
460,4.604604604604605,0.24673421901182904,0.16489819092540423
461,4.614614614614615,0.2467340826082978,0.11408791984823435
462,4.624624624624625,0.23242139921101454,0.34554805694377644
463,4.634634634634635,0.03617666655849425,-0.0008895465954033496
464,4.644644644644645,0.036176632430968025,0.12727734693529458
465,4.654654654654655,0.01719242778302612,-0.15827287111316765
466,4.664664664664665,-0.16440884870849218,-0.22874455831997037
467,4.674674674674675,-0.2525383343803717,-0.17351271166856802
468,4.684684684684685,-0.31018716818162595,-0.31927303807027424
469,4.694694694694695,-0.3207774958390521,-0.3168046428173346
470,4.704704704704705,-0.49619676542500424,-0.42947387422796346
471,4.714714714714715,-0.4961969258337726,-0.2280051616416115
472,4.724724724724725,-0.4961966829803636,-0.433758052627133
473,4.734734734734735,-0.6745415892671679,-0.6956201646449579
474,4.744744744744745,-0.7139402216080734,-0.7128167929723871
475,4.754754754754755,-0.7139400983105237,-0.8331205492601443
476,4.764764764764765,-0.7426384640458985,-0.6248988528387583
477,4.774774774774775,-0.942173873501327,-1.0029920816214357
478,4.784784784784785,-0.9490803060775298,-1.0461348565667747
479,4.794794794794795,-0.9490803236529103,-1.019896204501025
480,4.804804804804805,-1.0550528221773723,-1.0954209917552664
481,4.814814814814815,-1.05505273571325,-0.9421711523045553
482,4.824824824824825,-1.0550528623171205,-1.0512979292110767
483,4.834834834834835,-1.1859827203182016,-0.9847535286701697
484,4.844844844844845,-1.1859826107540294,-1.0848065992918363
485,4.854854854854855,-1.1933167919567753,-1.1774267186254483
486,4.864864864864865,-1.2008206424464767,-1.279200761386643
487,4.874874874874875,-1.32572157700014,-1.2072240472286557
488,4.884884884884885,-1.3257214063184697,-1.438704396839402
489,4.894894894894895,-1.3257215705678191,-1.4449990386211786
490,4.904904904904905,-1.4114445206580404,-1.2920612296315181
491,4.914914914914915,-1.411444566079507,-1.1330193634384949
492,4.924924924924925,-1.4114444734968636,-1.1852026385258356
493,4.934934934934935,-1.4901598470210355,-1.616077393874396
494,4.944944944944945,-1.490160013244213,-1.5053494456376342
495,4.954954954954955,-1.4901597293900617,-1.551182132493296
496,4.964964964964965,-1.4901597469357113,-1.5493431866815481
497,4.974974974974975,-1.543334135861821,-1.5297540158602707
498,4.984984984984985,-1.543334349630621,-1.4374608920355951
499,4.994994994994995,-1.543334162136853,-1.5611440057598986
500,5.005005005005005,-1.5773056885529901,-1.5339635271981757
501,5.015015015015015,-1.577305835338572,-1.6140483870324582
502,5.025025025025025,-1.5773057122443441,-1.634924588111196
503,5.035035035035035,-1.5965737644396842,-1.3801786559337554
504,5.045045045045045,-1.5965738926776787,-1.5598623799374927
505,5.055055055055055,-1.5965737623704195,-1.526845276876537
506,5.065065065065065,-1.596573778362238,-1.6974271200192177
507,5.075075075075075,-1.6028873890518447,-1.5161756721133877
508,5.085085085085085,-1.602887236990551,-1.6805055184015625
509,5.095095095095095,-1.602887228634812,-1.801085843548552
510,5.105105105105105,-1.5979649369047144,-1.5864142928717586
511,5.115115115115115,-1.5979649197696422,-1.5228605414273804
512,5.125125125125125,-1.5979646389992097,-1.517104135964829
513,5.135135135135135,-0.973600146086321,-0.9811872511596086
514,5.145145145145145,-0.9736000679585511,-1.0644995345206247
515,5.155155155155155,-0.9560801404398557,-0.994543947446164
516,5.165165165165165,-0.9560802033554399,-1.0685303220426634
517,5.175175175175175,-0.883435220202133,-0.9868628218331049
518,5.185185185185185,-0.8834350187610652,-0.9126525381389784
519,5.195195195195195,-0.88343505157395,-0.8726764615972886
520,5.205205205205205,-0.8139560728172107,-0.8788512318045765
521,5.215215215215215,-0.8139558984906582,-0.8544549929354427
522,5.225225225225225,-0.8139560501294832,-0.6178279645962579
523,5.235235235235235,-0.728021035995513,-0.6280141558533827
524,5.245245245245245,-0.20798765269328848,-0.20227047088486577
525,5.255255255255255,-0.20798767643455504,-0.15524263632352464
526,5.265265265265265,-0.20798759644455053,-0.4600775907714305
527,5.275275275275275,-0.11405088769594768,-0.1676746476349591
528,5.285285285285285,-0.11405104512402171,-0.287307883639765
529,5.295295295295295,-0.11405107049147478,-0.28436103503791227
530,5.305305305305305,-0.018379687372916072,0.032593061516686936
531,5.315315315315315,-0.018379800617311804,-0.03871332900903884
532,5.325325325325325,-0.018379616906539983,-0.041952632635690934
533,5.335335335335335,-0.018379830252688266,0.06494872959870732
534,5.345345345345345,0.06132830000981908,-0.017549593573294997
535,5.355355355355355,0.06132837731778179,-0.01308244021061783
536,5.365365365365365,0.06132822537210242,0.01388663936704538
537,5.375375375375375,0.1365113692211486,0.32829942647867233
538,5.385385385385385,0.13651155968403927,0.27973997801877293
539,5.395395395395395,0.1470258737456551,0.20965290595369024
540,5.405405405405405,0.24158699910090525,0.175842198092459
541,5.415415415415415,0.24158716932787486,0.3649614510042696
542,5.425425425425425,0.24158720180527807,0.30617830381049527
543,5.435435435435435,0.2415872567613227,0.28343804923328364
544,5.445445445445445,0.3413831184262656,0.3086388531121842
545,5.455455455455455,0.3454131634289881,0.10345087900775285
546,5.465465465465465,0.36902705722068296,0.37617095492912955
547,5.475475475475475,0.4368650552526695,0.5286978965225267
548,5.485485485485485,0.44231361954775417,0.467695708879953
549,5.495495495495495,0.4423134764295618,0.4513664888985127
550,5.505505505505505,0.5099141786707422,0.46727258892390067
551,5.515515515515515,0.5240315802804,0.6690221766895523
552,5.525525525525525,0.5240313352945803,0.3704598142746306
553,5.535535535535535,0.5240313691807534,0.5788518374403787
554,5.545545545545545,0.5880143676380164,0.5581308159670746
555,5.555555555555555,0.5880143013127306,0.5363205517824532
556,5.565565565565565,0.5880143732609594,0.7150541382406793
557,5.575575575575575,0.6440368016519132,0.627439620244571
558,5.585585585585585,0.6440364504258275,0.572524856704704
559,5.595595595595595,0.6440365472460289,0.49420685389916197
560,5.605605605605605,0.7025058046920876,0.6686395673050941
561,5.615615615615615,0.702505828687062,0.7280138240478484
562,5.625625625625625,0.7104101246183769,0.6027548424057839
563,5.635635635635635,0.7104099959835198,0.6665293828102035
564,5.645645645645645,0.760881896417311,0.693158891275082
565,5.655655655655655,0.7608818023237882,0.6910309448856953
566,5.665665665665665,0.8844875664046173,0.9348023626020242
567,5.675675675675675,0.9051629123761402,0.8979942702447
568,5.685685685685685,0.9067355303643208,0.8217166882394569
569,5.6956956956956954,0.9067356225057563,0.8182780533271456
570,5.7057057057057055,0.9193399093387387,0.8065133303650258
571,5.7157157157157155,0.9198189483867371,0.7774147144542632
572,5.7257257257257255,0.9209041052655484,1.168139931537424
573,5.7357357357357355,0.9209042871074438,0.8318234762113346
574,5.7457457457457455,0.9284016709978712,0.9131266002688397
575,5.7557557557557555,0.9284014857840501,0.8248563743345461
576,5.7657657657657655,0.9287410888209163,0.7837773745672412
577,5.7757757757757755,0.9290741198837671,0.9421180109871092
578,5.7857857857857855,0.9287452229520318,0.9482545968700696
579,5.7957957957957955,0.9287450529955259,0.7990838976991593
580,5.8058058058058055,0.9226651967792068,0.850486551893059
581,5.8158158158158155,0.9226651850320438,1.002029004684777
582,5.8258258258258255,0.9226653238878687,0.9276922819443377
583,5.8358358358358355,0.9226651205521981,1.134724080725662
584,5.8458458458458455,0.9082860776252367,0.8108607515481232
585,5.8558558558558556,0.908286177297094,1.2058497404020356
586,5.865865865865866,0.9082860774000912,0.7542103042863091
587,5.875875875875876,0.1587469764331919,0.18114261493017994
588,5.885885885885886,0.1392101737270418,0.0609082359099718
589,5.895895895895896,0.07515826239313844,0.07542489182993474
590,5.905905905905906,0.07360443141781807,0.031492496472997
591,5.915915915915916,0.04130474896684442,0.047833564841668716
592,5.925925925925926,0.04130460771031258,-0.09677038227674636
593,5.935935935935936,0.0413047908416963,0.0640185697899754
594,5.945945945945946,0.01760070356772353,-0.007078114361277959
595,5.955955955955956,0.01760087857983331,-0.00813658176240346
596,5.965965965965966,0.01760062163980695,0.14348684943652396
597,5.975975975975976,0.0006674283313305227,-0.16453287675947245
598,5.985985985985986,0.0006673963405607905,0.25334360837671127
599,5.995995995995996,0.000667554900140727,0.16206056201771168
600,6.006006006006006,0.0006674305484169627,0.05910393103458707
601,6.016016016016016,-0.013659571688879546,-0.0572352038751079
602,6.026026026026026,-0.01365965607553274,0.08236142287265871
603,6.036036036036036,-0.01365960471458804,-0.021788561159970132
604,6.046046046046046,-0.03117970006191216,0.09564589027923874
605,6.056056056056056,-0.03117954723383549,-0.059276258387324095
606,6.066066066066066,-0.03127714321068947,0.06971876029453665
607,6.076076076076076,-0.031058571696141665,-0.15091462450760662
608,6.086086086086086,-0.031058600102099404,-0.20459412775623947
609,6.096096096096096,-0.031058554462701466,-0.03273768633919757
610,6.106106106106106,-0.03105859832331518,0.1239027719275205
611,6.116116116116116,-0.026718715809105037,0.0573849500793325
612,6.126126126126126,-0.02602117296481455,-0.30210632071875365
613,6.136136136136136,-0.02602115338431088,0.0976454984732476
614,6.146146146146146,-0.01619126638872715,0.03744302576025947
615,6.156156156156156,-0.01619119445760995,0.013987718955017055
616,6.166166166166166,-0.016191153386629745,-0.032554217783645686
617,6.176176176176176,-0.005056354225200714,-0.19085993051309966
618,6.186186186186186,-0.005056402557963581,-0.06703160929869932
619,6.196196196196196,-0.005056361076704519,-0.027578108592333984
620,6.206206206206206,-0.005056432620287962,0.010767465645628145
621,6.216216216216216,0.0066971322263522275,0.10781184288169206
622,6.226226226226226,0.01196309126334784,-0.0283372752089033
623,6.236236236236236,0.011963079156332658,0.20642419223624722
624,6.246246246246246,0.026438309053127492,-0.11009378413867696
625,6.256256256256256,0.02709343330579034,0.06619481679122162
626,6.266266266266266,0.029924109486519093,-0.13007401029936372
627,6.276276276276276,0.04307802717988753,0.0045142663717405995
628,6.286286286286286,0.0430780318383897,-0.0816755418470366
629,6.296296296296296,0.04406377435697121,0.11157070728277257
630,6.306306306306306,0.04406393286653873,0.0685678306479161
631,6.316316316316316,0.0556150940531233,0.1851300693444366
632,6.326326326326326,0.055614989011754296,0.32088989334903506
633,6.336336336336336,0.0556149700581732,0.08568168237776994
634,6.346346346346346,0.06472167051693128,0.14543078281468086
635,6.356356356356356,0.06472166500098757,0.18439039431546145
636,6.366366366366366,0.06472166530554987,0.04464336140281569
637,6.376376376376376,0.06776744113891887,0.1318493571253455
638,6.386386386386386,0.06776742837405797,0.0701880388293442
639,6.396396396396396,0.06775122496985286,0.0902455257691101
640,6.406406406406406,0.06775155850058209,0.22683056561007972
641,6.416416416416417,0.06507189664061021,0.07748235004347773
642,6.426426426426427,0.06507183546344172,0.07608385710700862
643,6.436436436436437,0.06411281205786219,-0.01299872960147816
644,6.446446446446447,0.054645239442269136,-0.10012552536643067
645,6.456456456456457,0.05464541028651421,0.07124705113613164
646,6.466466466466467,0.05464515225425038,0.10594463656328032
647,6.476476476476477,0.0015751123570252818,0.034353050814075775
648,6.486486486486487,-0.029753010414605634,-0.014661137804227274
649,6.496496496496497,-0.03888672506569308,-0.14937576958675824
650,6.506506506506507,-0.04104122619976134,-0.1947218873925158
651,6.516516516516517,-0.07915648149464315,-0.11238101111095267
652,6.526526526526527,-0.0791563333651077,0.018417289316302793
653,6.536536536536537,-0.07915652755092954,-0.030321921522082303
654,6.546546546546547,-0.1247232901737264,-0.02505360754593393
655,6.556556556556557,-0.12472291958803051,-0.15130574748056547
656,6.566566566566567,-0.13452967436703264,0.025490717151560455
657,6.576576576576577,-0.13452978427355272,-0.17578501939371366
658,6.586586586586587,-0.19679913480276517,-0.31208809451920755
659,6.596596596596597,-0.2019165511489054,-0.20426994405069618
660,6.606606606606607,-0.20191636534531623,-0.18963095362496185
661,6.616616616616617,-0.2764164464392096,-0.34976978698914785
662,6.626626626626627,-0.2764164802550761,-0.2042755190051017
663,6.636636636636637,-0.2764163622234063,-0.23600325867809635
664,6.646646646646647,-0.35341092324080403,-0.3274489008183259
665,6.656656656656657,-0.3567019508057849,-0.4081207012745138
666,6.666666666666667,-0.3567018936998955,-0.26085421728250247
667,6.676676676676677,-0.3567020670948174,-0.3968897701812293
668,6.686686686686687,-0.4242342428116839,-0.2884784207478215
669,6.696696696696697,-0.4242343345096569,-0.45820159236783675
670,6.706706706706707,-0.6454756572526426,-0.6913149769559083
671,6.716716716716717,-0.759350298517151,-0.7921182131318321
672,6.726726726726727,-0.7656590055693085,-0.7915822614133304
673,6.736736736736737,-0.7656588509499785,-0.9652292152125326
674,6.746746746746747,-0.8629398642303816,-1.0348530318478493
675,6.756756756756757,-0.8629401869696528,-0.983986352836064
676,6.766766766766767,-0.8685130315992302,-0.6830012917399709
677,6.776776776776777,-0.8685130043533724,-0.9496651857473194
678,6.786786786786787,-0.9729586983669781,-1.0792155679799222
679,6.796796796796797,-1.170899730482209,-1.0831982315854192
680,6.806806806806807,-1.1708998345947539,-1.176011740193449
681,6.816816816816817,-1.2578041428919446,-1.2545558360270117
682,6.826826826826827,-1.2578042546541357,-1.134374741183805
683,6.836836836836837,-1.2578042543138575,-1.164055448997104
684,6.846846846846847,-1.3411300875132446,-1.4045063966302993
685,6.856856856856857,-1.4045041871450372,-1.437870606461731
686,6.866866866866867,-1.4045041901377289,-1.4817736891357174
687,6.876876876876877,-1.404504250025961,-1.4326193472308109
688,6.886886886886887,-1.4624693092020435,-1.5263532099652182
689,6.896896896896897,-1.462469357161888,-1.5001102496484122
690,6.906906906906907,-1.4653496063824882,-1.4991401822477788
691,6.916916916916917,-1.52314868517028,-1.4897962413087118
692,6.926926926926927,-1.5289841860156916,-1.6144364929346293
693,6.936936936936937,-1.5342067005555768,-1.4109191708323998
694,6.946946946946947,-1.5739383927597022,-1.5669719176464543
695,6.956956956956957,-1.573938434783124,-1.4927029065877957
696,6.966966966966967,-1.573938523944788,-1.5870320900854888
697,6.976976976976977,-1.5739382673555469,-1.6320030860074768
698,6.986986986986987,-1.6104884470614536,-1.5486974735943693
699,6.996996996996997,-1.6217358590111863,-1.6632050613645566
700,7.007007007007007,-1.6217359230734765,-1.6601889995342587
701,7.017017017017017,-1.6391664155767327,-1.6262846141098144
702,7.027027027027027,-1.63916648167616,-1.6318769885827717
703,7.037037037037037,-1.6391665598640874,-1.5121381231477355
704,7.047047047047047,-1.6476983056721448,-1.6175441984357273
705,7.057057057057057,-1.6476983366907467,-1.6302862290758793
706,7.067067067067067,-1.647698289873362,-1.6287064224097971
707,7.077077077077077,-1.6476983649814454,-1.6363154376691151
708,7.087087087087087,-1.646320389302829,-1.7648287143037877
709,7.097097097097097,-1.646320540951502,-1.7699294357036452
710,7.107107107107107,-1.6463205572931294,-1.7136576266860826
711,7.117117117117117,-1.6351210350692293,-1.7070404154268917
712,7.127127127127127,-1.63512111765272,-1.732190051981987
713,7.137137137137137,-1.63512097030125,-1.863138170818452
714,7.147147147147147,-1.6351210523532809,-1.7857655828366603
715,7.157157157157157,-1.6132322926994485,-1.576554746433155
716,7.167167167167167,-1.6132323272496303,-1.7319677369964193
717,7.177177177177177,-1.612058429504339,-1.443229345544497
718,7.187187187187187,-1.5794837567990767,-1.6344615268418716
719,7.197197197197197,-1.5794838417853772,-1.702476441065917
720,7.207207207207207,-1.5794836133609003,-1.5627036375728873
721,7.217217217217217,-1.5490906525155161,-1.7442975854656426
722,7.227227227227227,-1.549090823061505,-1.493439637313952
723,7.237237237237237,-1.384865636961263,-1.1955722579649948
724,7.247247247247247,-1.3848655683994715,-1.4973588406411613
725,7.257257257257257,-1.3453201959946994,-1.2846299224308384
726,7.267267267267267,-1.345320031437389,-1.3110362006510372
727,7.277277277277277,-1.3430150042790745,-1.2999739149055978
728,7.287287287287287,-1.2984498843903645,-1.3903441727023145
729,7.297297297297297,-1.2984499114355563,-1.3318828935733038
730,7.307307307307307,-1.2984498061140877,-1.1420893648730364
731,7.317317317317317,-1.2627345296647563,-1.3112858635367797
732,7.327327327327327,-1.2627346243861028,-1.3361536303230612
733,7.337337337337337,-1.2627344986951274,-1.1709303739338526
734,7.347347347347347,-1.2462023466891767,-1.3476569152886755
735,7.357357357357357,-1.2107277914822234,-1.1187118981319402
736,7.367367367367367,-1.210727703620287,-0.9617890727928313
737,7.377377377377377,-1.2107277130299094,-1.0284333735719584
738,7.387387387387387,-1.1767021362365833,-1.0908852658387913
739,7.397397397397397,-1.1767020885878379,-1.1941819881893927
740,7.407407407407407,-1.1767021847752246,-1.1394826113676622
741,7.4174174174174174,-1.1497300684423437,-0.9338660460374414
742,7.4274274274274275,-1.1497300602653904,-1.1225563590797132
743,7.4374374374374375,-1.1497299736397213,-1.1965661954391544
744,7.4474474474474475,-1.1497299403303876,-1.0676278154683265
745,7.4574574574574575,-1.1276809355610733,-1.0517770833604758
746,7.4674674674674675,-1.1276808279179942,-1.1858693891572039
747,7.4774774774774775,-1.1276810128907349,-1.2232876689519607
748,7.4874874874874875,-1.1114196535725371,-0.9895028903577727
749,7.4974974974974975,-1.1114195055425793,-1.1922191128854962
750,7.5075075075075075,-1.1114193556918326,-1.0256717402601072
751,7.5175175175175175,-1.098159857761203,-0.8919429744433236
752,7.5275275275275275,-1.0981598971550846,-0.9454021906338521
753,7.5375375375375375,-1.0981601219313217,-1.0819397361182044
754,7.5475475475475475,-1.0969962808714586,-1.280949674014243
755,7.5575575575575575,-1.0899747996018165,-1.2124377853211799
756,7.5675675675675675,-1.0899747592963622,-1.1645615961448654
757,7.5775775775775776,-1.0899750682313636,-1.075427540671269
758,7.587587587587588,-1.0855495508533184,-1.1596382823906397
759,7.597597597597598,-1.0855496591946532,-1.024552597514126
760,7.607607607607608,-1.0855494585200256,-0.9207202111079273
761,7.617617617617618,-1.0841746372341525,-1.165034451201947
762,7.627627627627628,-1.0937936605595173,-1.086999339271696
763,7.637637637637638,-1.0937937973108331,-1.384767845423188
764,7.647647647647648,-1.093793829083539,-0.9394563494140065
765,7.657657657657658,-1.104878859647865,-0.9118355538056261
766,7.667667667667668,-1.1048788413724537,-1.014514886774982
767,7.677677677677678,-1.104878905862454,-0.9955510130556277
768,7.687687687687688,-1.117476358963143,-1.0855906977536534
769,7.697697697697698,-1.1181588264489397,-1.1951947517350736
770,7.707707707707708,-1.119726717067286,-1.0903941303536422
771,7.717717717717718,-1.1197268013666042,-1.206608749420811
772,7.727727727727728,-1.1334119961275677,-0.9866154916836649
773,7.737737737737738,-1.133411900513108,-1.205981244303465
774,7.747747747747748,-1.1334119611963707,-1.1653470606145637
775,7.757757757757758,-1.1497190165918323,-1.3675962540962279
776,7.767767767767768,-1.149718865510945,-1.1099078533895008
777,7.777777777777778,-1.1504634387174308,-1.144851786131809
778,7.787787787787788,-1.171694861652699,-1.077579125615352
779,7.797797797797798,-1.1794348884899575,-1.074077264730058
780,7.807807807807808,-1.1794351505755738,-0.9507311841101406
781,7.817817817817818,-1.1794350986010236,-1.2687399061532698
782,7.827827827827828,-1.1994677199954138,-1.239456241537536
783,7.837837837837838,-1.1994677201125479,-1.3119530789248233
784,7.847847847847848,-1.1994677897978565,-1.1752229950606476
785,7.857857857857858,-1.220478082663354,-1.2796473123339545
786,7.867867867867868,-1.2204778656735602,-1.1642721016163113
787,7.877877877877878,-1.2204779487799449,-1.2257257475149366
788,7.887887887887888,-1.2419993376831058,-1.1826911101163815
789,7.897897897897898,-1.2419991799849772,-1.2155482067525254
790,7.907907907907908,-1.2419992406523006,-1.294796484909121
791,7.917917917917918,-1.2419992144420777,-1.2947279695988856
792,7.927927927927928,-1.2639829186675384,-1.2691929535109496
793,7.937937937937938,-1.2639827522858267,-1.2848383327212936
794,7.947947947947948,-1.2639828867537448,-1.2834830322392807
795,7.957957957957958,-1.2843230876884772,-1.3208106692165493
796,7.967967967967968,-1.2856928434988157,-1.327452695621728
797,7.977977977977978,-1.2856927354520968,-1.1977903515607666
798,7.987987987987988,-1.3009773587967657,-1.338060058996534
799,7.997997997997998,-1.3009773074774893,-1.3938480793885915
800,8.008008008008009,-1.3009774550455273,-1.298764510835277
801,8.018018018018019,-1.3009773058780925,-1.2232670717304688
802,8.028028028028029,-1.3157473229500578,-1.1397482199071127
803,8.038038038038039,-1.3157472334697577,-1.375223373228858
804,8.048048048048049,-1.3157473796001535,-1.2002046827689659
805,8.058058058058059,-1.3257854549841868,-1.3071282476821735
806,8.068068068068069,-1.3257856835716129,-1.2884514656669277
807,8.078078078078079,-1.3264402193067804,-1.442840134631223
808,8.088088088088089,-1.3340464659231732,-1.347094050271026
809,8.098098098098099,-1.334046357662966,-1.387566078668882
810,8.108108108108109,-1.3340462091016558,-1.3847380745410163
811,8.118118118118119,-1.334046423022011,-1.456405976309173
812,8.128128128128129,-1.3373150869602533,-1.3254969388552307
813,8.138138138138139,-1.3373624624587521,-1.162056402307559
814,8.148148148148149,-1.3373623171756666,-1.4573160169914618
815,8.158158158158159,-1.3363534069710066,-1.3722375879972961
816,8.168168168168169,-1.3363534267167223,-1.1893404305852102
817,8.178178178178179,-1.335599141678421,-1.3535764913270962
818,8.188188188188189,-1.3286648997423849,-1.2404812366305937
819,8.198198198198199,-1.3286647400568956,-1.2289965946615717
820,8.208208208208209,-1.328664784096697,-1.403460092962438
821,8.218218218218219,-1.3286648496774045,-1.3074913682734364
822,8.228228228228229,-1.312432198041705,-1.4261314516139783
823,8.238238238238239,-1.3124323262908146,-1.430633256705814
824,8.248248248248249,-1.3124323020215196,-1.4658126378372536
825,8.258258258258259,-1.2888004743574528,-1.1105865369489052
826,8.268268268268269,-1.2888003518413806,-1.28594590145755
827,8.278278278278279,-1.288800302013903,-1.3305040248696456
828,8.288288288288289,-1.288800350839994,-1.4289721086225258
829,8.298298298298299,-1.2351005715458685,-1.1712985690307525
830,8.308308308308309,-1.2351004877698022,-1.174306526527461
831,8.318318318318319,-1.2351005362197547,-1.244449559351149
832,8.328328328328329,-1.2024268275752252,-1.1750755235349932
833,8.338338338338339,-1.2024269715245193,-1.1718987274159078
834,8.348348348348349,-1.202427012863435,-1.2192908316850375
835,8.358358358358359,-1.155081334662999,-1.269441496727711
836,8.368368368368369,-1.1550814375714173,-1.1354620238932698
837,8.378378378378379,-1.155081436293119,-1.236228920711698
838,8.388388388388389,-1.1550813459327745,-1.1114396966291535
839,8.398398398398399,-1.1140259554483007,-1.3067195112297794
840,8.408408408408409,-1.1140259928140184,-1.00587156829746
841,8.418418418418419,-1.1140258842450095,-1.1797597089382703
842,8.428428428428429,-1.072846942961274,-1.0621015555366182
843,8.438438438438439,-1.0728470822170741,-1.263677142488171
844,8.448448448448449,-1.0654847599841972,-0.9931005872528731
845,8.458458458458459,-1.0244028224843995,-1.0671393005287981
846,8.468468468468469,-1.0218386458557218,-1.0320685297645282
847,8.478478478478479,-1.021838598483727,-1.1261818650886166
848,8.488488488488489,-1.02183861910023,-1.1321083276190316
849,8.498498498498499,-0.9859924450761046,-0.9180208396572215
850,8.508508508508509,-0.9859926356515425,-0.9634933254862722
851,8.518518518518519,-0.9859925096562179,-1.1123183186293295
852,8.528528528528529,-0.9464581044336898,-0.9119673205908967
853,8.538538538538539,-0.946458087428581,-0.9089774053667238
854,8.548548548548549,-0.9464580686975641,-1.0096868968899475
855,8.558558558558559,-0.9189161659861598,-0.8283916185059355
856,8.568568568568569,-0.9189160415048528,-0.9027371544571485
857,8.578578578578579,-0.9189160766897099,-0.9306956872275859
858,8.588588588588589,-0.9189159413492944,-0.9119928793394524
859,8.598598598598599,-0.8962283826387745,-0.9708530262344425
860,8.608608608608609,-0.8962286175886878,-0.9247970380674573
861,8.618618618618619,-0.896228477236812,-0.805458984374001
862,8.62862862862863,-0.8783397634927433,-0.8534828056479372
863,8.63863863863864,-0.8783398892894463,-0.9580194664424466
864,8.64864864864865,-0.878339844210706,-0.9467527702736666
865,8.65865865865866,-0.8599241226265647,-0.8019982002689331
866,8.66866866866867,-0.8599240379020097,-1.026847051064166
867,8.67867867867868,-0.8599242462257934,-0.7943784878699579
868,8.68868868868869,-0.8599240726636285,-0.7613173841180962
869,8.6986986986987,-0.8549554555767835,-0.7784871744392061
870,8.70870870870871,-0.8548897061190197,-0.7872866585778757
871,8.71871871871872,-0.8548897921981113,-1.0003056322701493
872,8.72872872872873,-0.8571249523401017,-1.0125220468755072
873,8.73873873873874,-0.8573800758825638,-0.88421863158317
874,8.74874874874875,-0.8587474021170413,-0.9133017071064532
875,8.75875875875876,-0.8679799866419969,-0.9018677911993466
876,8.76876876876877,-0.8679803029136639,-0.9723070167127064
877,8.77877877877878,-0.867980236666334,-0.8893076721587413
878,8.78878878878879,-0.8679801059068685,-0.8289535865042456
879,8.7987987987988,-0.8824128371991447,-0.8358423898100351
880,8.80880880880881,-0.8824128498968221,-0.9105174367770279
881,8.81881881881882,-0.8845073562523115,-0.7690738447928788
882,8.82882882882883,-0.901217630724988,-0.79885975980451
883,8.83883883883884,-0.5933625678403698,-0.4904836510206486
884,8.84884884884885,-0.5933625311967053,-0.5458284246504445
885,8.85885885885886,-0.593362548301548,-0.7166965980151396
886,8.86886886886887,-0.49958962868379564,-0.687855139970376
887,8.87887887887888,-0.4995896183371854,-0.6071382582378302
888,8.88888888888889,-0.49958963212481944,-0.47385736343899104
889,8.8988988988989,-0.4230901179648162,-0.39040875412714127
890,8.90890890890891,-0.42309005732949095,-0.4494603788031298
891,8.91891891891892,-0.4230900320180178,-0.42427040220624584
892,8.92892892892893,-0.32793700646132246,-0.4228783445542156
893,8.93893893893894,-0.32793688442215635,-0.33433605125005206
894,8.94894894894895,-0.3104780630515185,-0.2421193039455945
895,8.95895895895896,-0.31047796694299573,-0.2995586943615438
896,8.96896896896897,-0.21084376645581632,-0.20779070463914717
897,8.97897897897898,-0.20251582451050987,-0.10317525695999523
898,8.98898898898899,-0.1949814060577506,-0.3973953626422202
899,8.998998998999,-0.09954367802559112,-0.0009452058904739352
900,9.00900900900901,-0.09954396204227811,0.05444527313857617
901,9.01901901901902,-0.09954389043979874,-0.1614390157387381
902,9.02902902902903,-0.005621974756538412,-0.08593290254444534
903,9.03903903903904,-0.005621838317081735,-0.10861982512246503
904,9.04904904904905,0.003747984529862072,0.05216646363892377
905,9.05905905905906,0.0037479798773438914,-0.07954749041636698
906,9.06906906906907,0.09407012675925487,0.14998121485052746
907,9.07907907907908,0.09407020734986453,0.21237600430576842
908,9.08908908908909,0.09407001276198723,0.057951488840328205
909,9.0990990990991,0.17267088420540025,0.20224840239132733
910,9.10910910910911,0.17267098887068494,0.3270051806267076
911,9.11911911911912,0.17267083577647235,0.1252396326708079
912,9.12912912912913,0.25845325260174146,0.25599557326203304
913,9.13913913913914,0.25845332489138395,0.17650021623771228
914,9.14914914914915,0.2584530943934562,0.19481329995664898
915,9.15915915915916,0.2584532707498121,0.39357801278810106
916,9.16916916916917,0.3250358253077701,0.32451066452851185
917,9.17917917917918,0.32503574347368674,0.3627263839420758
918,9.18918918918919,0.3330793477499084,0.3012619365316208
919,9.1991991991992,0.39228634902113274,0.3941592247135203
920,9.20920920920921,0.3922863867192977,0.2855187555323736
921,9.21921921921922,0.3922863665785411,0.4625153809699378
922,9.22922922922923,0.43482545062018846,0.5025935432887126
923,9.23923923923924,0.43482542668811397,0.3736242005053778
924,9.24924924924925,0.4348256025523494,0.39872733228494234
925,9.25925925925926,0.43980312765409585,0.4396520226706938
926,9.26926926926927,0.4695446019209203,0.3079100738300474
927,9.27927927927928,0.469544581747583,0.4623385036103741
928,9.28928928928929,0.4695445960885879,0.5460041828946979
929,9.2992992992993,0.481128275348212,0.40627166445718493
930,9.30930930930931,0.48112836032987755,0.5040298931990441
931,9.31931931931932,0.4811281690315852,0.41730629547486214
932,9.32932932932933,0.4781291810725991,0.5291191910359723
933,9.33933933933934,0.47743793895631353,0.4977383184960807
934,9.34934934934935,0.4774381733999536,0.5096048192755709
935,9.35935935935936,0.47605452858764286,0.4436722744000422
936,9.36936936936937,0.4609118056533152,0.4017474111103648
937,9.37937937937938,0.4609116938843563,0.558945060261029
938,9.38938938938939,0.46091176200694955,0.5674399557516463
939,9.3993993993994,0.43252562385172405,0.21423045634147103
940,9.40940940940941,0.4325259153837729,0.3978541801534535
941,9.41941941941942,0.43252541378957093,0.41310910682861457
942,9.42942942942943,0.43252567534145886,0.39075320751662534
943,9.43943943943944,0.39573475002783964,0.4703193487540066
944,9.44944944944945,0.3957347167188957,0.2694945025108504
945,9.45945945945946,0.39121391661766447,0.4995991415519324
946,9.46946946946947,0.34233433772022276,0.343665621619305
947,9.47947947947948,0.3423343461079454,0.22187629692295252
948,9.48948948948949,0.33859414910167135,0.24678027062475477
949,9.4994994994995,0.2690163914615664,0.3503265076397456
950,9.50950950950951,0.2666588794376484,0.30928174017794
951,9.51951951951952,0.2666588173732178,0.08553171905741258
952,9.52952952952953,0.2666589821566701,0.3390181700983974
953,9.53953953953954,0.19142935685430973,0.3167038195278684
954,9.54954954954955,0.18288402442238455,0.1650609641815376
955,9.55955955955956,0.17747888698030548,0.13379849781469527
956,9.56956956956957,0.062497638696407246,-0.049397341601596825
957,9.57957957957958,0.05831031786088828,0.028405798867650937
958,9.58958958958959,0.03942796458972899,-0.0032935660935059854
959,9.5995995995996,-0.024389885137868147,0.06890168918235558
960,9.60960960960961,-0.03234375790199903,0.07332109766473739
961,9.61961961961962,-0.03234384505896178,0.04356560991608572
962,9.62962962962963,-0.03234374111188479,-0.10542764592561794
963,9.63963963963964,-0.09115326539499943,-0.20518753884645022
964,9.64964964964965,-0.09115336808490582,0.035779095840265784
965,9.65965965965966,-0.09115330552121748,-0.06375554489524846
966,9.66966966966967,-0.14058505651225095,-0.2966809394428668
967,9.67967967967968,-0.14058517457106062,-0.3335490862519696
968,9.68968968968969,-0.14058508669958206,-0.02190394293413027
969,9.6996996996997,-0.19675071329509636,-0.07747415249540873
970,9.70970970970971,-0.19675088280317313,-0.11481821196518768
971,9.71971971971972,-0.19675096223668048,-0.20286610305533773
972,9.72972972972973,-0.19675089334928975,-0.3477796795207363
973,9.73973973973974,-0.23690538494885485,-0.2589804216664083
974,9.74974974974975,-0.23690558551962823,-0.3345072708901846
975,9.75975975975976,-0.2415540937323884,-0.2415253604326101
976,9.76976976976977,-0.28141977767873444,-0.22008515705408904
977,9.77977977977978,-0.2856558438907657,-0.3695306570838856
978,9.78978978978979,-0.2959440836156548,-0.3137392506342015
979,9.7997997997998,-0.3254679172459663,-0.319879652268325
980,9.80980980980981,-0.3254678432182716,-0.27036355490338115
981,9.81981981981982,-0.3254678880276704,-0.33051139373394267
982,9.82982982982983,-0.32807264568230315,-0.24929539362213313
983,9.83983983983984,-0.3499773595151286,-0.27115086008335404
984,9.84984984984985,-0.36322153795250683,-0.42084756084474817
985,9.85985985985986,-0.3632218305622955,-0.4161352936874219
986,9.86986986986987,-0.37332148893591666,-0.4509423740014727
987,9.87987987987988,-0.3733217886368339,-0.4203762440456595
988,9.88988988988989,-0.3736154464120411,-0.3045834096958322
989,9.8998998998999,-0.37624686693662357,-0.41934944179954736
990,9.90990990990991,-0.37608825380028976,-0.5027243724296528
991,9.91991991991992,-0.3760882769293568,-0.6417725644746308
992,9.92992992992993,-0.3760882400175853,-0.45068660080767947
993,9.93993993993994,-0.3713589135503087,-0.335653806085793
994,9.94994994994995,-0.3713589127570554,-0.2911449802468533
995,9.95995995995996,-0.36905817496651394,-0.5326893570661112
996,9.96996996996997,-0.35689155570689224,-0.41662071210210994
997,9.97997997997998,-0.35689158104518004,-0.4453461936165024
998,9.98998998998999,-0.3568916952338819,-0.4738315346230456
999,10.0,-0.3568917315042621,-0.32753275411346133
